{ "compressionlevel":-1,
 "editorsettings":
    {
     "export":
        {
         "format":"json",
         "target":"AltarRoom.json"
        }
    },
 "height":9,
 "infinite":false,
 "layers":[
        {
         "id":2,
         "image":"..\/..\/..\/Niveles\/Salta_De_Templo_Nivel_2.2.png",
         "name":"Fondo",
         "opacity":1,
         "type":"imagelayer",
         "visible":false,
         "x":0,
         "y":0
        }, 
        {
         "data":[0, 5, 6, 6, 6, 6, 6, 6, 6, 6, 6, 6, 6, 7, 0, 0, 13, 14, 14, 14, 14, 14, 14, 14, 14, 14, 14, 14, 15, 0, 0, 13, 14, 14, 14, 14, 14, 14, 14, 14, 14, 14, 14, 15, 0, 0, 13, 14, 14, 14, 14, 14, 14, 14, 14, 14, 14, 14, 15, 0, 0, 13, 14, 14, 14, 14, 14, 14, 14, 14, 14, 14, 14, 15, 0, 0, 13, 14, 14, 14, 14, 14, 14, 14, 14, 14, 14, 14, 15, 0, 0, 21, 22, 22, 22, 22, 22, 22, 22, 22, 22, 22, 22, 23, 0, 0, 0, 0, 0, 0, 0, 0, 0, 0, 0, 0, 0, 0, 0, 0, 0, 0, 0, 0, 0, 0, 0, 0, 0, 0, 0, 0, 0, 0, 0],
         "height":9,
         "id":3,
         "name":"Pared",
         "opacity":1,
         "type":"tilelayer",
         "visible":true,
         "width":15,
         "x":0,
         "y":0
        }, 
        {
         "data":[11, 0, 0, 0, 0, 0, 0, 0, 0, 0, 0, 0, 0, 0, 9, 11, 0, 0, 0, 0, 0, 0, 0, 0, 0, 0, 0, 0, 0, 9, 11, 0, 0, 0, 0, 0, 0, 0, 0, 0, 0, 0, 0, 0, 9, 11, 0, 0, 0, 0, 0, 0, 0, 0, 0, 0, 0, 0, 0, 9, 11, 0, 0, 0, 0, 0, 0, 0, 0, 0, 0, 0, 0, 0, 9, 11, 0, 0, 0, 0, 0, 0, 0, 0, 0, 0, 0, 0, 0, 9, 11, 0, 0, 0, 0, 0, 0, 0, 0, 0, 0, 0, 0, 0, 9, 10, 2, 2, 2, 2, 2, 2, 2, 2, 2, 2, 2, 2, 2, 10, 10, 10, 10, 10, 10, 10, 10, 10, 10, 10, 10, 10, 10, 10, 10],
         "height":9,
         "id":1,
         "name":"Suelo",
         "opacity":1,
         "type":"tilelayer",
         "visible":true,
         "width":15,
         "x":0,
         "y":0
        }],
 "nextlayerid":4,
 "nextobjectid":1,
 "orientation":"orthogonal",
 "renderorder":"right-down",
 "tiledversion":"1.4.3",
 "tileheight":32,
 "tilesets":[
        {
         "columns":8,
         "firstgid":1,
         "image":"Tile_sheet.png",
         "imageheight":128,
         "imagewidth":256,
         "margin":0,
         "name":"Tile_sheet",
         "spacing":0,
         "tilecount":32,
         "tileheight":32,
         "tilewidth":32
        }],
 "tilewidth":32,
 "type":"map",
 "version":1.4,
 "width":15
}